{
  "images" : [
    {
      "idiom" : "universal",
      "filename" : "star100.png",
      "scale" : "1x"
    },
    {
      "idiom" : "universal",
      "filename" : "star200.png",
      "scale" : "2x"
    },
    {
      "idiom" : "universal",
      "filename" : "star300.png",
      "scale" : "3x"
    },
    {
      "idiom" : "universal",
      "scale" : "1x",
      "height-class" : "regular"
    },
    {
      "idiom" : "universal",
      "scale" : "2x",
      "height-class" : "regular"
    },
    {
      "idiom" : "universal",
      "scale" : "3x",
      "height-class" : "regular"
    },
    {
      "idiom" : "universal",
      "scale" : "1x",
      "width-class" : "regular"
    },
    {
      "idiom" : "universal",
      "scale" : "2x",
      "width-class" : "regular"
    },
    {
      "idiom" : "universal",
      "scale" : "3x",
      "width-class" : "regular"
    },
    {
      "idiom" : "universal",
      "filename" : "star120.png",
      "width-class" : "regular",
      "height-class" : "regular",
      "scale" : "1x"
    },
    {
      "idiom" : "universal",
      "filename" : "star240.png",
      "width-class" : "regular",
      "height-class" : "regular",
      "scale" : "2x"
    },
    {
      "idiom" : "universal",
      "filename" : "star360.png",
      "width-class" : "regular",
      "height-class" : "regular",
      "scale" : "3x"
    }
  ],
  "info" : {
    "version" : 1,
    "author" : "xcode"
  }
}