{
  "images" : [
    {
      "idiom" : "universal",
      "filename" : "heart100.png",
      "scale" : "1x"
    },
    {
      "idiom" : "universal",
      "filename" : "heart200.png",
      "scale" : "2x"
    },
    {
      "idiom" : "universal",
      "filename" : "heart300.png",
      "scale" : "3x"
    },
    {
      "idiom" : "universal",
      "scale" : "1x",
      "height-class" : "regular"
    },
    {
      "idiom" : "universal",
      "scale" : "2x",
      "height-class" : "regular"
    },
    {
      "idiom" : "universal",
      "scale" : "3x",
      "height-class" : "regular"
    },
    {
      "idiom" : "universal",
      "scale" : "1x",
      "width-class" : "regular"
    },
    {
      "idiom" : "universal",
      "scale" : "2x",
      "width-class" : "regular"
    },
    {
      "idiom" : "universal",
      "scale" : "3x",
      "width-class" : "regular"
    },
    {
      "idiom" : "universal",
      "filename" : "heart120.png",
      "width-class" : "regular",
      "height-class" : "regular",
      "scale" : "1x"
    },
    {
      "idiom" : "universal",
      "filename" : "heart240.png",
      "width-class" : "regular",
      "height-class" : "regular",
      "scale" : "2x"
    },
    {
      "idiom" : "universal",
      "filename" : "heart360.png",
      "width-class" : "regular",
      "height-class" : "regular",
      "scale" : "3x"
    },
    {
      "idiom" : "ipad",
      "scale" : "1x"
    },
    {
      "idiom" : "ipad",
      "scale" : "2x"
    },
    {
      "idiom" : "ipad",
      "scale" : "1x",
      "height-class" : "regular"
    },
    {
      "idiom" : "ipad",
      "scale" : "2x",
      "height-class" : "regular"
    },
    {
      "idiom" : "ipad",
      "scale" : "1x",
      "width-class" : "regular"
    },
    {
      "idiom" : "ipad",
      "scale" : "2x",
      "width-class" : "regular"
    },
    {
      "idiom" : "ipad",
      "width-class" : "regular",
      "height-class" : "regular",
      "scale" : "1x"
    },
    {
      "idiom" : "ipad",
      "width-class" : "regular",
      "height-class" : "regular",
      "scale" : "2x"
    }
  ],
  "info" : {
    "version" : 1,
    "author" : "xcode"
  }
}