{
  "images" : [
    {
      "idiom" : "universal",
      "filename" : "filled.pdf",
      "resizing" : {
        "mode" : "9-part",
        "center" : {
          "mode" : "stretch",
          "width" : 1,
          "height" : 1
        },
        "cap-insets" : {
          "bottom" : 10,
          "top" : 10,
          "right" : 10,
          "left" : 10
        }
      }
    }
  ],
  "info" : {
    "version" : 1,
    "author" : "xcode"
  },
  "properties" : {
    "template-rendering-intent" : "template"
  }
}